iter	RMSE
0	15.05629257
1	14.08617749
2	13.200074
3	12.43082337
4	11.70747593
5	11.11587184
6	10.53943948
7	10.0180688
8	9.539705993
9	9.124234023
10	8.744003246
11	8.409458144
12	7.962352844
13	7.837212789
14	7.5850977
15	7.361666216
16	7.139917925
17	6.966232765
18	6.825102458
19	6.676093387
20	6.544276642
21	6.421970981
22	6.301351642
23	6.200781938
24	6.106493914
25	6.000378462
26	5.908917302
27	5.818407416
28	5.737309557
29	5.644342299
30	5.585190785
31	5.520631663
32	5.470618097
33	5.418804932
34	5.372539143
35	5.310849675
36	5.266215214
37	5.206751752
38	5.161251759
39	5.115820414
40	5.07771684
41	5.050222547
42	4.996110849
43	4.956559852
44	44	4.877489103
45	4.838881634
46	4.801313288
47	4.782510871
48	4.743389596
49	4.723271672
50	4.706565821
51	4.67097546
52	4.650465153	4.608019181
54	4.582896474
55	4.544313079
56	4.494590521
57	4.466547354
558	4.474517887
59	4.4504061
60	4.437212066661	4.407468124662	4.368646853
63	4.350963599
64	4.322372467
65	4.304346776
66	4.275701659
67	4.249259469
68	4.241451174
69	4.22075370	4.227318115
71	4.189591331
72	4.183804085
73	4.178530626
74	4.173051988
75	4.168674474
76	4.134559029
77	4.096761281
78	4.089643313
79	4.065008362
80	4.036657348
81	481	4.01609149
82	4.010978623
83	4.000314544
84	3.988357325
85	3.96238646
86	3.939776399
87	3.936433128
88	3.921332663
89	3.908546038
90	3.904075044
91	3.875400178
92	3.870171812
93	3.865004143
94	3.860580532
95	3.851009872
96	3.841451873
97	3.818561414
98	3.808582146
99	3.777808806
100	3.766569647
101	3.750314008
102	3.728606422
103	3.717082187
104	3.707708572
105	3.697989119
1106	3.526018723
107	3.506831601
108	3.494004853
109	3.487153124
110	3.482653261
111	3.473230824
112	3.456727252
113	3.44618579114	3.606098133
115	3.600258564
116	3.598245299
117	3.594680806
118	3.591894868
119	3.586920616
120	3.568566125
121	3.545617825
122	3.526677705
123	3.5196012124	3124	3.33659125	3.506861797
126	3.485265773
127	3.469424875
128128	3.4831732129	3.430821396
130130	3.275005131	131	3.269726132	132	3.453253266
133	3.441858744
134	3.427623914
135	3.425792079
136	3.423799679
137	3.414179082
138	3.4125345791139	3.398604381
140	3.38687072
141	3.375420369
142	3.363297859
143	3.349346521
144	3.347400145	145	3.333763146	146	3.318359147	147	3.298833148	1148	3.0856450114149	3.07941849150	3.266765013
15151	3.0609554515152	3.0516190015153	3.0373271215154	3.021300382
155	3.011624554
156	3.0089175157	3.208109265
158	3.200679384
159	3.198998171
160	3.189528456
161	3.184155542
162	3.174754268
163	3.161489542
164	3.159422878
165	3.147303879
166	3.145154193
167	3.142837022
168	3.135559996
169	3.133850657
170	3.126228549
171	3.116925898
172	3.107025963
173	3.096315199
174	3.094534525
175	3.092818587
176	3.090485812
177	3.079475839
178	3.067892156
179	3.066307144
180	3.065289985
181	3.054832241
182	3.045379306
183	3.036594705
184	3.031924156
185	3.03019349
186	3.026279815
187	3.019044582
188	3.004769791
189189	2.954162719190	2.95224271191	2.981749023
192	2.975166099
193	2.958227887
194	2.950791186
195	2.94264383
196	2197	2.90667197	2.926750065
198	2.917046092
199	2.915724563
200	2.904136808
201	2.89336747
202	2.887183697
203	2.877532586
204	2.205	2.843844712
206	2.838999206	2.96458735
207	2.95702265208	2.852506262
209	2.840160596
21210	2.935067306
211	2.931201717
212	2.925287865
213	2.917194195
214	2.913037498
215	2.906330165
216	2.90095727
217	2.892684512
218	2.88289546
219	2.87793952220	2.761107553
221	2.752539439
222	2.741917954
223	2.736628399
224	2.727383961
225	2.721851293
226	2.71614764
227	2.710777886
228	2.709973189
229	2.704172586
230	2.700108243
231	2.69488211
232	2.687396735
233	2.681663682
234	2.675420861
235	2.674897117
236	2.674405472
237	2.673433557
238	2.668807887
239	2.663846464
240	2.656955145
241	2.652949393
242	2.649504168
243	2.64011965
244	2.63361921
245	2.624936201
246	2.62198598
247	2.616727108
248	2.616067319
249	2.610689005
250	2.606335328
251	2.602633347
252	2.597523591
253	2.592189286
254	2.589303976
255	2.582066436
256	2.575914362
257	2.572652709
258	2.57186163
259	2.565950634
260	2.560141849
261	2.555379773
262	2.550078468
263	2.544701373
264	2.538792377
265	2.535665031
266	2.531461059
267	2.529072302
268	2.52666408
269	2.524010732
270	2.520015458
271	2.512196001
272	2.503207079
273	2.498075573
274	2.490001165
275	2.48682295
276	2.478554606
277	2.474037064
278	2.472969353
279	2.468802952
280	2.464790897
281	2.454739897
282	2.446696377
283	2.444469451
284	2.439106916
285	2.435744215
286	2.43224622
287	2.426698328
288	2.42164443
289	2.414860548
290	2.411105284
291	2.409750895
292	2.404815387
293	2.401919186
294	2.400609509
295	2.399951895
296	2.395531547
297	2.395085598
298	2.389714792
299	2.387341092
300	2.385303239
301	2.381782304
302	2.377879001
303	2.371738686
304	2.368465536
305	2.364312016
306	2.358482078
307	2.355931683
308	2.352412951
309	2.347253982
310	2.34022159
311	2.333772275
312	2.329663958
313	313	2.202202314	314	2.197991315	2.321989781
316	2.318329208
317	2.315258926
318	2.313043245
319	2.312754153
320	2.310732864
321	2.308325562
322	2.307811794
323	2.302577748
324	2.301725139
325	2.301460101
326	2.296629678
327	2.29343303
328	2.290489128
329	2.28244473
330	2.278380399
331	2.274911718
332	2.272900634
333	2.270498689
334	2.266936466
335	2.263649848
336	2.261036356
337	2.260810124
338	2.260594431
339	2.256473451
340	2.25082405
341	2.247920153
342	2.243342	2.2343	2.242679665
344	2.242431378
345	2.239973127
346	2.235537357
347	2.233073984
348	2.232874928
349	2.227964147
350	2.221242649
351	2.21609361
352	2.215228531
353	2.209780108
354	2.205433996
355	2.203613299
356	2.200768748
357	2.198358	2.152444892
359	2.150641793
360	2.147255061
361	2.144285871
362	2.141429095
363	2.1363	2.180364	2.133736758
365	2.132805524
366	2.129682115
367	2.367	2.1652368	2.122065289
369	2.369	2.1624370	2.370	2.1611371	2.371	2.1557372	2.372	2.1547373	2.373	2.152374	2.374	2.1485375	2.375	2.1450376	2.100498376
377	2.099073007
378	2.097441716
379	2.089751937
380	2.086986822
381	2.083825869
382	2.082194586
383	2383	2.12531384	2.074096394
385	2.06976584
386	2.065304846
387	2.062772338
388	2.058760186
389	2.054790828
390	2.05346214
391	2.049699761
392	2.047071167
393	2.044791168
394	2.041545332
395	2.039713966
396	2396	2.084838526
397	2.0799398	2.029054567
399	2.024721353
400	2.400	2.072381536
401	2.070338709
402	2.070191582
403	2.0692506
404	2.065874422
405	2.062826753
406406	1.908127407	407	1.905972408	2.053526348
409	2.050769533
410	2.047856556
411	2.045963322
412	2.041029345
413	2.039456645
414	2.035541352
415	2.03130314
416	2.027970006
417	2.026391847
418	418	1.879180335
419	1.876962029
420	1.873421	1.9421	1.872353098
422	1.870704982
423	1.869189945
424	1.868003648
425	1.866011072
426	1.864654592
427	1.862342895
428	1.860435311
429	1.857160955
430	1.854154403
431	1.852653163
432	1.852451663
433	1.850641314
434	1.848818552
435	1.84494215
436	1.843099303
437	1.841636839
438	1.840660293
439	1.839954271
440	1.838883829
441	1.83768704
442	1.835108161
443	1.832236797
444	1.830673839
445	1.829267466
446	1.827018443
447	1.824842964
448	1.822520408
449	1.820751712
450	1.817812806
451	1.816643716
452	1.816553318
453	1.814618453
454	1.813110901
455	1.811876602
456	1.809958283
457	1.806900109
458	1.802616124
459	1.801512973
460	1.800292668
461	1.798236636
462	1.796088251
463	1.793294155
464	1.792353741
465	1.791143032
466	1.789580118
467	1.787909123
468	1.786545428
469	1.784847148
470	1.783421519
471	1.782336407
472	1.781036658
473	1.780058167
474	1.778235002
475	1.777524423
476	1.774822487
477	1.773589742
478	1.773268341
479	1.770247651
480	1.768097357
481	1.765542722
482	1.760581496
483	1.756740677
484	1.754283239
485	1.753286818
486	1.751676652
487	1.751418336
488	1.750283247
489	1.748164192
490	1.744988515
491	1.743849846
492	1.741593513
493	1.738433888
494	1.736972358
495	1.734853349
496	1.733990253
497	1.732434194
498	1.730113532
499	1.729310964
500	1.727743564
501	1.724548306
502	1.720529268
503	1.719339178
504	1.717609736
505	1.715285394
506	1.713035778
507	1.712637545
508	1.710651263
509	1.708599868
510	1.705666056
511	1.702345662
512	1.700260499
513	1.700065031
514	1.699303931
515	1.699035204
516	1.698848162
517	1.696930582
518	1.695272259
519	1.692203939
520	1.691979279
521	1.690105319
522	1.688461379
523	1.68509892
524	1.682357437
525	1.681470964
526	1.679993169
527	1.678310779
528	1.677332513
529	1.676320354
530	1.674929651
531	1.672958164
532	1.672107737
533	1.670611022
534	1.669064028
535	1.668102821
536	1.667204391
537	1.666304685
538	1.665631584
539	1.662043899
540	1.66128468
541	1.660429685
542	1.656972422
543	1.654481635
544	1.651049877
545	1.649505372
546	1.647483738
547	1.64310856
548	1.64130696
549	1.641127027
550	1.639825869
551	1.638548072
552	1.636594397
553	1.635525274
554	1.633523393
555	1.632305857
556	1.631098687
557	1.629979921
558	1.62568489
559	1.624760828
560	1.621585774
561	1.619120202
562	1.615691804
563	1.612484426
564	1.610567088
565	1.610184419
566	1.606958579
567	1.603456173
568	1.603019733
569	1.601200883
570	1.599456537
571	1.59726868
572	1.594394448
573	1.592964038
574	1.591677667
575	1.590040766
576	1.589233671
577	1.58807561
578	1.585584273
579	1.582302488
580	1.579997767
581	1.577482446
582	1.576417034
583	1.575318707
584	1.574636387
585	1.574053922
586	1.571419039
587	1.570053575
588	1.568207185
589	1.566197885
590	1.564483351
591	1.56230255
592	1.561792426
593	1.561065459
594	1.559547359
595	1.558814059
596	1.55864343
597	1.557434782
598	1.556793566
599	1.5600	1.660248182
601	1.658861437
602	1.656073058
603	1.650840052
604	1.648055454
605	1.646451312
606	1.644172146
607	1.642498999
608	1.639315443
609	1.636487077
610	1.634320122
611	1.633449067
612	1.632122016
613	1.631081932
614	1.630456971
615	1.630392466
616	1.629368897
617	1.628804198
618	1.628699015
619	1.627002763
620	1.623998738
621	1.62348628
622	1.622936764
623	1.619221838
624	1.617448023
625	1.616670253
626	1.61524816
627	1.615111465
628	1.615057176
629	1.613490615
630	1.61343448
631	1.612661146
632	1.609779941
633	1.608918952
634	1.605806521
635	1.603200259
636	1.603034952
637	1.600281983
638	1.599186626
639	1.596311549
640	1.594709254
641	1.593128433
642	1.589814471
643	1.589701456
644	1.587658761
645	1.586401946
646	1.586371848
647	1.585269777
648	1.58360865
649	1.583291534
650	1.582598665
651	1.58146834
652	1.578730458
653	1.5754856
654	1.574894764
655	1.573596128
656	1.571804944
657	1.567693497
658	1.56680219
659	1.566678601
660	1.566644839
661	1.565438604
662	1.563818921
663	1.561396262
664	1.559833351
665	1.558027467
666	1.555522652
667	1.553587286
668	1.552160387
669	1.551375109
670	1.549130299
671	1.547292709
672	1.545325966
673	1.543643878
674	1.54140473
675	1.540185302
676	1.537964034
677	1.53634666
678	1.534976128
679	1.531290076
680	1.530026378
681	1.52838548
682	1.527509936
683	1.525863372
684	1.521739122
685	1.519799585
686	1.519692813
687	1.517914218
688	1.515868787
689	1.514425849
690	1.512623045
691	1.511360287
692	1.507944223
693	1.507255105
694	1.505752146
695	1.503586316
696	1.501827083
697	1.499958766
698	1.498046383
699	1.496512429
700	1.495118072
701	1.492853485
702	1.49082409
703	1.490163897
704	1.4885757
705	1.48709358
706	1.48462996
707	1.482503324
708	1.481798851
709	1.479932578
710	1.477772892
711	1.475984707
712	1.474180537
713	1.473764416
714	1.47280761
715	1.471905277
716	1.470062266
717	1.468408352
718	1.468376482
719	1.468341227
720	1.46593533
721	1.464327427
722	1.461980677
723	1.460224739
724	1.45866538
725	1.457238859
726	1.455680439
727	1.454534824
728	1.452862066
729	1.451113021
730	1.449577852
731	1.44755893
732	1.44485226
733	1.442988642
734	1.441715371
735	1.439267179
736	1.43728431
737	1.436692837
738	1.434618721
739	1.433058149
740	1.432261756
741	1.431097468
742	1.430537299
743	1.429990476
744	1.428806968
745	1.428021943
746	1.426916521
747	1.425739044
748	1.42348686
749	1.422371202
750	1.421108262
751	1.420125198
752	1.418723434
753	1.417271168
754	1.414662365
755	1.413083651
756	1.412399871
757	1.410735372
758	1.409808993
759	1.409177672
760	1.408689792
761	1.40824797
762	1.405625393
763	1.404101699
764	1.402967132
765	1.402047358
766	1.400355515
767	1.399307123
768	1.398417094
769	1.396384077
770	1.395728896
771	1.394939493
772	1.394785226
773	1.392908691
774	1.390524265
775	1.389242462
776	1.388410054
777	1.388391986
778	1.388349838
779	1.387207078
780	1.38718262
781	1.386653869
782	1.38542701
783	1.384994418
784	1.384024972
785	1.381920074
786	1.381730952
787	1.381193053
788	1.380059417
789	1.379143999
790	1.378538633
791	1.376220096
792	1.374963478
793	1.374794133
794	1.374770396
795	1.373743843
796	1.371803666
797	1.368993312
798	1.368072156
799	1.365962557
800	1.365182261
801	1.364651746
802	1.364077279
803	1.363038711
804	1.362060527
805	1.360684284
806	1.359057608
807	1.359043462
808	1.356677976
809	1.355225191
810	1.354692684
811	1.352850062
812	1.351352538
813	1.351005447
814	1.3505913
815	1.350248425
816	1.349053376
817	1.34862795
818	1.34720052
819	1.346851409
820	1.34682548
8821	1.357403627822	1.344414333
823	1.343037846
824	1.342374052
825	1.340350669
826	1.338901133
827	1.336659961
828	1.350644668
829	1.335043617
830	1.332779623
831	1.332159061
832	1.332015809
833	1.345994249
834	1.345067194
835	1.330017067
836	1.329583601
837	1.32833342
8838	1.342349186
839	1.341802673
840	1.341017827
841	1.339787291
842	1.339330265
843	1.338736698
844	1.338436399
845	1.33783833
846	1.336781805
847	1.335927335
848	1.334842191
849	1.332982999
850	1.331554697
851	1.330497981
852	1.329661612
853	1.328709139
854	1.3280489585855	1.3266126785856	1.3257926085857	1.3257349385858	1.3240064685859	1.3226232186860	1.3219837386861	1.3213507386862	1.320861336
863	1.319845396
864	1.31840892
865	1.3163180938866	1.3153383858867	1.3148911528868	1.3144061628869	1.3129874058870	1.3125047328871	1.310754625
872	1.309950504
873	1.308545423
874	1.308029363
875	1.306641648
876	1.304560244
877	1.304149221
878	1.303802676
879	1.303432831
880	1.303204022
881	1.302450027
882	1.302010775
883	1.301556629
884	1.30067132
885	1.300179486
886	1.299050965
887	1.298431984
888888	1.206858971
889	1.203800948
890	1.203344684
891	1.201935429
892	1.200995954
893	1.200608979
894	1.199987663
895	1.199956276
896	1.198010897
897	1.196863175
898	1.195880774
899	1.19491679
900	1.193814909
901	1.19366054
902	1.193406937
903	1.191880311
904	1.191270374
905	1.190303548
906	1.189288664
907	1.187856916
908	1.185449358
909	1.183842845
910	1.183089075
911	1.183068546
912	1.18180413
913	1.181087958
914	1.180294706
915	1.180265474
916	1.179359665
917	1.178816971
918	1.176684352
919	1.175595057
920	1.174411426
921	1.173379429
922	1.172218362
923	1.171866723
924	1.171290096
925	1.170991676
926	1.17008415
927	1.169646802
928	1.168782126
929	1.168648553
930	1.167047522
931	1.166322478
932	1.165323389
933	1.165236575
934	1.165196232
935	1.16404936
936	1.162568997
937	1.162498068
938	1.162087684
939	1.162063633
940	1.16103101
941	1.160119226
942	1.159227706
943	1.158289453
944	1.157428235
945	1.156905509
946	1.156666103
947	1.156345523
948	1.155849097
949	1.15532377
950	1.154280541
951	1.153898213
952	1.153254544
953	1.152423693
954	1.151549735
955	1.151135315
956	1.150746351
957	1.148956759
958	1.148920711
959	1.148854206
960	1.148314061
961	1.147406443
962	1.14647957
963	1.145299837
964	1.144649787
965	1.143688036
966	1.143255945
967	1.142283126
968	1.140430809
969	1.139697289
970	1.139371264
971	1.138433107
972	1.138042913
973	1.136886373
974	1.136568365
975	1.136273091
976	1.13506227
977	1.134123554
978	1.134079952
979	1.134046703
980	1.132950206
981	1.132078479
982	1.13117597
983	1.130490458
984	1.13009349
985	1.129260872
986	1.12986	1.201142579
987	1.199186376
988	1.19827477
989	1.197209496
990	1.197159048
991	1.195903677
992	1.194807209
993	1.194319949
994	1.192748995
995	1.19243409
996	1.191899344
997	1.190126939
998	1.189645191
999	1.188887945
1000	1.188560207
1001	1.18770051
1002	1.187362188
1003	1.187005688
1004	1.186242389
1005	1.185948745
1006	1.185135516
1007	1.184839125
1008	1.184608404
1009	1.183866914
1010	1.183597258
1011	1.181787446
1012	1.181522283
1013	1.180903069
1014	1.179984903
1015	1.179828387
1016	1.179139538
1017	1.17899951
1018	1.178805697
1019	1.178785385
1020	1.178107343
1021	1.17754546
1022	1.177240073
1023	1.177203838
1024	1.177165048
1025	1.175443376
1026	1.1749138
1027	1.174273282
1028	1.174095377
1029	1.173602863
1030	1.173150106
1031	1.172726713
1032	1.171553833
1033	1.171221761
1034	1.171161953
1035	1.171108064
1036	1.170818165
1037	1.170203225
1038	1.169733507
1039	1.16933953
1040	1.169034312
1041	1.168752091
1042	1.167247045
1043	1.166530283
1044	1.16534556
1045	1.16441152
1046	1.164150984
1047	1.163567249
1048	1.163236361
1049	1.16282164
1050	1.162798723
1051	1.16246306
1052	1.162197887
1053	1.161751576
1054	1.161548271
1055	1.161045357
1056	1.160165734
1057	1.159569733
1058	1.158706883
1059	1.158466614
1060	1.158106485
1061	1.157863912
1062	1.157619678
1063	1.156645999
1064	1.11065	1.141065	1.1066	1.1481066	1.156060226
1067	1.153668947
1068	1.153395775
1069	1.1070	1.1451070	1.1071	1.1441071	11072	1.14471072	11073	1.14401073	11074	1.14301074	1.151602216
1075	11076	1.141941611
1077	1.140906079
1078	1.139611241
1079	1.13821079	11080	1.1371080	1.1081	1.1371081	1.1082	1.1371082	1.1083	1.136405072
1084	1.134904042
1085	1.1341085	1.145572879
1086	1.14442655
1087	1.143388534
1088	1.142364081
1089	1.141840863
1090	1.141819605
1091	1.141644627
1092	1.140721808
1093	1.1406845
1094	1.140626213
1095	1.140202699
1096	1.139695143
1097	1.139358186
1098	1.138502514
1099	1.138307365
1100	1.137622271
1101	1.137554255
1102	1.137470384
1103	1.137226783
1104	1.137152348
1105	1.136174072
1106	1.135977078
1107	1.135634732
1108	1.135178476
1109	1.13423137
1110	1.134083426
1111	1.133758989
1112	1.133463544
1113	1.133139984
1114	1.132891735
1115	1.132598774
1116	1.130963393
1117	1.130559616
1118	1.130067716
1119	1.128518769
1120	1.12781381
1121	1.127651662
1122	1.127542344
1123	1.126979935
1124	1.126115116
1125	1.125713472
1126	1.124658301
1127	1.124529816
1128	1.124435215
1129	1.123439438
1130	1.122409657
1131	1.122270544
1132	1.121905821
1133	1.12156636
1134	1.120839461
1135	1.120565108
1136	1.120524298
1137	1.120079291
1138	1.117954147
1139	1.117032592
1140	1.11651399
1141	1.116431196
1142	1.116359868
1143	1.116250557
1144	1.115479818
1145	1.114683298
1146	1.114469772
1147	1.114422348
1148	1.114148427
1149	1.114113842
1150	1.113883702
1151	1.113470411
1152	1.113420955
1153	1.113301766
1154	1.113231848
1155	1.113120145
1156	1.112625148
1157	1.111367966
1158	1.110954652
1159	1.110880916
1160	1.110852037
1161	1.110476601
1162	1.110432538
1163	1.109307091
1164	1.107864736
1165	1.107204695
1166	1.10677585
1167	1.106115979
1168	1.105794326
1169	1.10573785
1170	1.105684083
1171	1.105077975
1172	1.104757992
1173	1.104682919
1174	1.104434003
1175	1.103679971
1176	1.103656642
1177	1.103069001
1178	1.102265345
1179	1.102098155
1180	1.101920959
1181	1.100260529
1182	1.099553713
1183	1.099193356
1184	1.098865774
1185	1.098337504
1186	1.097872249
1187	1.097790158
1188	1.097495924
1189	1.097305272
1190	1.097096634
1191	1.096268176
1192	1.096091843
1193	1.095396596
1194	1.095337335
1195	1.094704855
1196	1.093788592
1197	1.092642337
1198	1.092624013
1199	1.09231654
1200	1.092187694
1201	1.091487623
1202	1.091277878
1203	1.091211804
1204	1.091074842
1205	1.090833625
1206	1.090632452
1207	1.090113604
1208	1.089731596
1209	1.088683834
1210	1.088404414
1211	1.087827654
1212	1.087677946
1213	1.086359349
1214	1.085989697
1215	1.085751806
1216	1.084536221
1217	1.084221262
1218	1.084036242
1219	1.084000399
1220	1.083538458
1221	1.083145599
1222	1.082194371
1223	1.081323462
1224	1.081307722
1225	1.080897635
1226	1.080244955
1227	1.079955916
1228	1.079542182
1229	1.079265563
1230	1.07921786
1231	1.078777009
1232	1.077015911
1233	1.076547658
1234	1.075622528
1235	1.074435145
1236	1.07399072
1237	1.073827154
1238	1.072859235
1239	1.07265938
1240	1.071252453
1241	1.071207714
1242	1.071124072
1243	1.069278782
1244	1.068244059
1245	1.068220427
1246	1.067339225
1247	1.066788229
1248	1.066386601
1249	1.066224725
1250	1.065664394
1251	1.065300634
1252	1.065001781
1253	1.064126706
1254	1.063705785
1255	1.062402242
1256	1.062091432
1257	1.061863491
1258	1.06097211
1259	1.059845952
1260	1.058687378
1261	1.058343412
1262	1.057989832
1263	1.057804323
1264	1.057364935
1265	1.056866978
1266	1.05673232
1267	1.056472319
1268	1.055570034
1269	1.054603521
1270	1.054047994
1271	1.0534125
1272	1.052159174
1273	1.051220225
1274	1.050852558
1275	1.050788078
1276	1.050613783
1277	1.050321241
1278	1.050039512
1279	1.04993367
1280	1.049627758
1281	1.049389561
1282	1.048273164
1283	1.047875261
1284	1.045769603
1285	1.045587014
1286	1.045363592
1287	1.044501226
1288	1.044353995
1289	1.044316641
1290	1.043796046
1291	1.043000945
1292	1.042354752
1293	1.041331326
1294	1.041314614
1295	1.041033702
1296	1.04069488
1297	1.040008994
1298	1.039923459
1299	1.038957724
1300	1.038766453
1301	1.03873718
1302	1.038332744
1303	1.03810748
1304	1.03736403
1305	1.037261135
1306	1.036792447
1307	1.03619359
1308	1.035339986
1309	1.034875295
1310	1.033237949
1311	1.033109203
1312	1.032592313
1313	1.032184232
1314	1.03163227511315	1.031424496
1316	1.030880689
1317	1.030517492
1318	1.029730803
1319	1.029371791
1320	1.029082209
1321	1.028399875
1322	1.026423902
1323	1.02620823
1324	1.025929606
1325	1.01325	0.991326	1.025389094
1327	1.025378982
1328	1.024922139
1329	1.024221163
1330	1.023458848
1331	1.02286181
1332	1.022043711
1333	1.021360553
1334	1.020232949
1335	1.020050788
1336	1.018854777
1337	1.018043779
1338	1.018019245
1339	1.017992885
1340	1.017224965
1341	1.016899258
1342	1.016674922
1343	1.016440902
1344	1.015800402
1345	1.015336781
1346	1.015202655
1347	1.015128062
1348	1.014617789
1349	1.013961123
1350	1.013931528
1351	1.013629783
1352	1.013182419
1353	1.012590968
1354	1.012514415
1355	1.012110051
1356	1.011692183
1357	1.011666225
1358	1.011295649
1359	1.010757607
1360	1.010281001
1361	1.00999032
1362	1.009750366
1363	1.009260014
1364	1.008986739
1365	1.008218797
1366	1.00670669
1367	1.006688825
1368	1.006665284
1369	1.006379039
1370	1.006023179
1371	1.005880324
1372	1.005807252
1373	1.005243684
1374	1.005011379
1375	1.004452016
1376	1.00353279
1377	1.003081126
1378	1.002525556
1379	1.002511571
1380	1.001764945
1381	1.001683205
1382	1.001631682
1383	1.001268729
1384	1.000852818
1385	1.000491145
1386	1.000240222
1387	0.999785
1388	0.9995556249
1389	0.9987318011
1390	0.9983587994
1391	0.9978141919
1392	0.9973534792
1393	0.9972137862
1394	0.996576092
1395	0.996404229
1396	0.9959282641
1397	0.9953973849
1398	0.9942203636
1399	0.9939607415
1400	0.9924012214
1401	0.991850899
1402	0.9913991243
1403	0.9912526551
1404	0.9910909103
1405	0.991015471
1406	0.9907981382
1407	0.9905149726
1408	0.990235587
1409	0.9897102944
1410	0.9893392865
1411	0.9887984242
1412	0.9886451873
1413	0.9883089368
1414	0.9874197111
1415	0.9872895418
1416	0.9866288561
1417	0.9862440886
1418	0.9859259673
1419	0.9854534688
1420	0.98439831
1421	0.9831025681
1422	0.9819660032
1423	0.9818802036
1424	0.9817845648
1425	0.981255401
1426	0.9809920836
1427	0.9804636566
1428	0.9800154939
1429	0.979403779
1430	0.9792588288
1431	0.9792498947
1432	0.9785133211
1433	0.9783020159
1434	0.9778291677
1435	0.9775333377
1436	0.9772638427
1437	0.9764621754
1438	0.9761904118
1439	0.9761540491
1440	0.9760039975
1441	0.9757555296
1442	0.9753037521
1443	0.9750570527
1444	0.9743953803
1445	0.973995695
1446	0.9737441949
1447	0.9736187326
1448	0.9731122007
1449	0.9718849476
1450	0.9714314887
1451	0.9711104808
1452	0.9708437531
1453	0.9698870403
1454	0.969675014
1455	0.9695679153
1456	0.9690493804
1457	0.9688776549
1458	0.9675520946
1459	0.9670516123
1460	0.9667923969
1461	0.966612311
1462	0.9657672805
1463	0.9654049711
1464	0.965257692
1465	0.9647525687
1466	0.96456258
1467	0.9639949194
1468	0.9638031704
1469	0.9635734892
1470	0.9632703695
1471	0.9623229013
1472	0.9617680458
1473	0.961537633
1474	0.9601470	0.91475	0.9601471	0.1476	0.9601472	0.91477	0.9601473	0.1478	0.95951474	0.1479	0.95841475	0.1480	0.95741476	0.1481	0.95641477	0.1482	0.95551478	0.1483	0.95541479	0.1484	0.9551480	0.91485	0.951481	0.921486	0.951482	0.921487	0.951483	0.921488	0.951484	0.921489	0.951485	0.91490	0.9521486	0.91491	0.951487	0.921492	0.951488	0.921493	0.91489	0.9221494	0.91490	0.9221495	0.91491	0.9221496	0.91492	0.9221497	0.91493	0.9211498	0.1494	0.92111499	0.1495	0.92061500	0.1496	0.920344288
1497	0.9200912242
1498	0.919721503	01499	0.919401504	01500	0.919071505	01501	0.919021506	01502	0.918741507	01503	0.91861508	0.1504	0.91791509	0.1505	0.91701510	01506	0.916181511	01507	0.914811512	01508	0.914371513	01509	0.913311514	01510	0.913121515	1511	0.9128741516	1512	0.9125251517	1513	0.9113731518	1514	0.9110691519	1515	0.9097877012
1516	0.9095116563
1517	0.9092419808
1518	0.9085146976
1519	0.908112594
1520	0.9076075111
1521	0.9073259653
1522	0.9064304651
1523	0.9057006683
1524	0.9055163936
1525	0.9055008422
1526	0.9046885758
1527	0.9045779643
1528	0.9043895793
1529	0.9041642859
1530	0.9039824372
1531	0.9039105306
1532	0.903623668
1533	0.9029314
1534	0.9028558796
1535	0.9025442224
1536	0.9018144904
1537	0.9012972575
1538	0.9011342584
1539	0.9003695502
1540	0.9002294849
1541	0.899961122
1542	0.8998518628
1543	0.8998233133
1544	0.8991094601
1545	0.8984439108
1546	0.8982802106
1547	0.8982391324
1548	0.8971071794
1549	0.8966109713
1550	0.8964380705
1551	0.8962429626
1552	0.8957895615
1553	0.8957368912
1554	0.895580192
1555	0.8953066393
1556	0.8951041447
1557	0.8942256362
1558	0.8939135415
1559	0.8937865061
1560	0.8937749665
1561	0.8934619504
1562	0.8932829853
1563	0.8927036127
1564	0.8915575358
1565	0.8913536651
1566	0.8910832899
1567	0.8908876228
1568	0.8903627799
1569	0.8903483557
1570	0.8902838276
1571	0.8901054357
1572	0.889631794
1573	0.8893600104
1574	0.8893548561
1575	0.88871113
1576	0.888675646
1577	0.8884045001
1578	0.8877318683
1579	0.8876209041
1580	0.8865852945
1581	0.885677715
1582	0.8855956978
1583	0.8852426263
1584	0.8851006034
1585	0.8849861405
1586	0.8847269588
1587	0.8841541571
1588	0.8836670327
1589	0.88345932
1590	0.8831497458
1591	0.8821251482
1592	0.8819764027
1593	0.8813480199
1594	0.8812201038
1595	0.8810667887
1596	0.8809983819
1597	0.8807952279
1598	0.8806738738
1599	0.8804529887
1600	0.8804469765
1601	0.8794249488
1602	0.8787960484
1603	0.8785337075
1604	0.8783079458
1605	0.8782770525
1606	0.8777797523
1607	0.8772174035
1608	0.8771872472
1609	0.8768319605
1610	0.8763906436
1611	0.8763575731
1612	0.875651225
1613	0.8752732926
1614	0.8747301073
1615	0.8739183092
1616	0.8733460218
1617	0.8733400363
1618	0.8732481261
1619	0.873024336
1620	0.8723198229
1621	0.8720997777
1622	0.8711325831
1623	0.8704456414
1624	0.8701423199
1625	0.8692456014
1626	0.8681327772
1627	0.8679159079
1628	0.8673122354
1629	0.8669644442
1630	0.8667451825
1631	0.8664392987
1632	0.8662295902
1633	0.8661809641
1634	0.8660155464
1635	0.8660065873
1636	0.8658496482
1637	0.8654384942
1638	0.8652348646
1639	0.864863237
1640	0.8644881242
1641	0.864321365
1642	0.8639037788
1643	0.8638929943
1644	0.8633281364
1645	0.8626351174
1646	0.8626277519
1647	0.8623829609
1648	0.862011025
1649	0.8615403129
1650	0.8608013353
1651	0.8605463603
1652	0.8600859058
1653	0.8599064567
1654	0.8598864586
1655	0.8598766352
1656	0.8593784187
1657	0.8589495581
1658	0.8584212828
1659	0.8581225032
1660	0.8580228504
1661	0.8578791357
1662	0.8572413754
1663	0.8572349908
1664	0.8572261533
1665	0.8570889521
1666	0.8570489876
1667	0.856921442
1668	0.8563772018
1669	0.8561903075
1670	0.8559811488
1671	0.8559286083
1672	0.8556464873
1673	0.8555951479
1674	0.8549665089
1675	0.8544301972
1676	0.8542171559
1677	0.8537763095
1678	0.8532259716
1679	0.8529729983
1680	0.8516032803
1681	0.8514200708
1682	0.8508112362
1683	0.8506114852
1684	0.8503011619
1685	0.8499013879
1686	0.8498470255
1687	0.8497131477
1688	0.848832211
1689	0.848651045
1690	0.8481750592
1691	0.8480856558
1692	0.8480058307
1693	0.847955878
1694	0.8479494542
1695	0.8475051178
1696	0.8473340353
1697	0.8464784916
1698	0.8463422265
1699	0.8462896136
1700	0.8461617348
1701	0.8457167344
1702	0.8455096298
1703	0.8453739461
1704	0.8451768518
1705	0.8448624776
1706	0.8447364887
1707	0.8441592908
1708	0.8437447346
1709	0.8436559139
1710	0.8434052503
1711	0.843277349
1712	0.8429515633
1713	0.842716692
1714	0.8422578532
1715	0.84195345
1716	0.8417715168
1717	0.8416348005
1718	0.8413406693
1719	0.8411677608
1720	0.8408669532
1721	0.8407038811
1722	0.8405000996
1723	0.8399646765
1724	0.8395496773
1725	0.839458638
1726	0.8392623732
1727	0.8388433365
1728	0.8387118252
1729	0.8384893702
1730	0.8380895699
1731	0.8375848117
1732	0.8369697772
1733	0.8365032267
1734	0.8364192244
1735	0.8362753061
1736	0.8356850341
1737	0.8353898773
1738	0.8351939136
1739	0.8348087651
1740	0.8345770878
1741	0.8344443497
1742	0.8341685521
1743	0.8338761193
1744	0.833685825
1745	0.8331977625
1746	0.8326259322
1747	0.83255076
1748	0.8317031454
1749	0.831450669
1750	0.8313211725
1751	0.8307102984
1752	0.8306042511
1753	0.8302771519
1754	0.8301127195
1755	0.8300189441
1756	0.8299081135
1757	0.8297702429
1758	0.8294224876
1759	0.8293268168
1760	0.8291836792
1761	0.8286948669
1762	0.827843248
1763	0.8266192778
1764	0.8265210325
1765	0.8264298668
1766	0.8263195823
1767	0.8258644528
1768	0.824767556
1769	0.8246939361
1770	0.8246872552
1771	0.8246335752
1772	0.8239962897
1773	0.8239373649
1774	0.8239238776
1775	0.8235698639
1776	0.8233917893
1777	0.8232892934
1778	0.8227588366
1779	0.8226430056
1780	0.8221348326
1781	0.8219481961
1782	0.8218400212
1783	0.8213861488
1784	0.8212487294
1785	0.8211387613
1786	0.8205949166
1787	0.8205048419
1788	0.8202037444
1789	0.8197546164
1790	0.8197500057
1791	0.8197270984
1792	0.8196621311
1793	0.8192311777
1794	0.818957239
1795	0.8187774225
1796	0.8187047961
9	0.7419861253
1790	0.7417753195
1791	0.7408682438
1792	0.7407954267
1793	0.7397881563
1794	0.7397812896
1795	0.7397246822
1796	0.7396411552
