iter	Passed	Remaining
0	2	4084
1	4	3603
2	5	3472
3	7	3325
4	9	3285
5	10	3217
6	12	3186
7	14	3156
8	20	4003
9	23	4205
10	25	4100
11	26	4002
1212	41	56413	43	5586
14	45	5403
15	47	5244
16	48	5103
17	50	4978
18	51	4858
19	53	4756
20	55	4660
21	56	4574
22	58	4497
23	59	4428
24	61	4363
25	66	4508
26	68	4464
27	73	4659
28	75	4596
29	77	4538
30	78	4478
31	80	4425
32	81	4372
33	83	4324
34	84	4274
35	86	4228
36	87	4184
37	89	4146
38	91	4108
39	93	4099
40	95	4098
41	97	4064
42	98	4033
43	100	4007
44	44	117	4556
45	118	4515
46	120	4475
47	121	4434
48	123	4398
49	124	4363
50	127	4348
51	128	4315
52	130	4253	137	4427
54	139	4402
55	143	4466
56	145	4433
57	146	4404
58	160	4716
59	161	4681
60	163	4645
61	164	4613
62	168	4650
63	170	4616
64	173	4617
65	174	4586
66	176	4559
67	178	4528
68	179	4502
69	181	4474
7070	191	4657
71	193	4628
72	204	4829
73	207	4827
74	209	4801
75	210	4772
76	212	4749
77	214	4720
78	216	4700
79	217	4666
80	244	51881	201	4210
82	202	4191
83	208	4261
84	210	4241
85	212	4221
86	213	4201
87	221	4307
88	226	4341
89	227	4321
90	231	4348
91	233	4329
92	238	4369
93	240	4358
94	242	4338
95	243	4320
96	245	4300
97	246	4281
98	248	4263
99	251	4269
100	253	4251
101	254	4232
102	256	4215
103	258	4216
104	260	4199
105	262	4184
106	326	5157
107	328	5138
108	330	5113
109	332	5099
110	334	5076
111	335	5052
112	337	5029
113	339	5011
114	277	4060
115	279	4045
116	280	4031
117	283	4036
118	287	4054
119	289	4041
120	301	4177
121	303	4162
122	304	4147
12123	354	478124	387	5187
12125	369	49012126	372	49012127	374	488128	337	4363
12129	380	488130	409	5203
131	410	5180
132	351	4392
133	352	4371
134	353	4356
135	355	4340
136	356	4324
137	358	4310
138	360	4295
139	368	4355
140	369	4340
141	371	4326
142	372	4311
143	374	4298
144	375	4283
145	377	4269
146	379	4255
147	380	4242
148	448	4957
149	449	4938
150	389	4251
151	466	5053
152	468	5034
153	470	5015
154	473	5013
155	474	4995
156	476	4976
157	410	4262
158	412	4249
159	429	4390
160	430	4377
161	432	4363
162	434	4350
163	436	4349
164	449	4444
165	450	4430
166	452	4417
167	454	4403
168	455	4391
169	460	4402
170	461	4390
171	463	4377
172	464	4364
173	466	4351
174	468	4338
175	469	4325
176	471	4312
177	472	4300
178	474	4288
179	476	4276
180	481	4297
181	482	4285
182	484	4273
183	486	4261
184	487	4250
185	489	4238
186	491	4230
187	493	4220
188	494	4209
189	496	4203
190	498	4192
191	500	4181
192	501	4170
193	503	4159
194	505	4148
195	506	4139
196	508	4129
197	525	4244
198	527	4233
199	529	4227
200	531	4216
201	532	4206
202	545	4286
203	550	4296
204	551	4285
20205	610	471202206	648	4982
207	650	49208	565	4299
209	567	4289
210210	667	5019
211	669	5005
212	671	4990
213	672	4975
214	674	4961
215	675	4946
216	677	4932
217	679	4921
218	681	4907
219	682	48220	608	4339
221	610	4327
222	613	4329
223	615	4323
224	617	4316
225	621	4321
226	667	4614
227	668	4602
228	673	4611
229	675	4599
230	676	4586
231	680	4589
232	681	4577
233	683	4565
234	685	4555
235	686	4540
236	688	4529
237	689	4518
238	691	4507
239	693	4497
240	694	4486
241	695	4471
242	696	4456
243	698	4444
244	699	4432
245	701	4421
246	702	4410
247	704	4399
248	705	4385
249	706	4371
250	707	4359
251	710	4353
252	711	4340
253	713	4334
254	715	4326
255	717	4316
256	718	4307
257	720	4297
258	723	4296
259	725	4286
260	727	4280
261	729	4271
262	730	4262
263	741	4307
264	743	4297
265	745	4288
266	759	4351
267	761	4341
268	763	4334
269	773	4373
270	775	4364
271	776	4353
272	780	4355
273	781	4345
274	783	4338
275	787	4340
276	789	4331
277	790	4321
278	792	4311
279	794	4302
280	795	4292
281	797	4284
282	798	4274
283	802	4273
284	803	4264
285	805	4254
286	806	4245
287	808	4236
288	810	4227
289	819	4258
290	821	4249
291	822	4241
292	824	4231
293	826	4223
294	828	4216
295	838	4251
296	840	4243
297	841	4233
298	843	4224
299	844	4216
300	846	4207
301	849	4204
302	851	4196
303	852	4186
304	854	4178
305	855	4170
306	857	4160
307	862	4172
308	864	4163
309	867	4159
310	868	4151
311	870	4143
312	872	4136
313	995	4703
314	997	4694
315	884	4147
316	887	4144
317	889	4135
318	890	4127
319	894	4128
320	896	4120
321	897	4112
322	902	4118
323	904	4113
324	906	4104
325	907	4096
326	909	4088
327	911	4080
328	914	4079
329	915	4071
330	917	4062
331	918	4054
332	921	4049
333	922	4041
334	924	4033
335	932	4054
336	934	4047
337	940	4057
338	942	4054
339	944	4046
340	946	4043
341	948	4035
342	950	4027
343	962	4066
344	964	4058
345	967	4057
346	968	4049
347	970	4041
348	972	4035
349	974	4027
350	975	4020
351	982	4033
352	984	4025
353	985	4018
354	988	4014
355	990	4011
356	992	4003
357	996	4007
358	998	3999
359	1000	3993
360	1008	4009
361	1009	4002
362	1011	3995
363	1015	3999
364	1017	3992
365	1019	3984
366	1020	3977
367	1022	3970
368	1024	3962
369	1029	3969
370	1031	3965
371	1033	3958
372	1035	3952
373	1038	3950
374	1039	3943
375	1041	3935
376	1043	3931
377	1045	3923
378	1047	3918
379	1048	3911
380	1050	3906
381	1052	3898
382	1054	3891
383	1058	3894
384	1060	3887
385	1061	3880
384	1148	4210
385	1149	4203
386	1151	4196
389	1077	3887
390	1082	3891
391	1084	3885
392	1085	3878
393	1094	3897
394	1096	3891
395	1097	3884
396	1103	3891
397	1105	3885
398	1107	3881
399	1109	3875
400	1121	3905
401	1123	3898
402	1124	3891
403	1126	3884
404	1130	3884
405	1137	3898
406	1139	3892
407	1141	3885
408	1143	3879
409	1144	3873
410	1146	3867
411	1149	3863
412	1152	3861
413	1153	3854
414	1155	3848
415	1157	3841
416	1158	3834
417	1162	3836
418	1166	3834
419	1167	3827
420	1169	3821
421	1170	3814
422	1172	3808
423	1179	3819
424	1181	3813
425	1183	3809
4423	1283	41544424	1293	4177
425	1295	41694426	1297	4162430	1205	3820
431	1207	3814
4429	1309	4162
430	1310	4154
431	1312	41464432	1313	41384433	1315	41314434	1316	41234435	1318	41154436	1320	41104437	1323	41064438	1325	40994439	1326	40914440	1330	4092
441	1332	4084
442	1333	4076
443	1335	40694444	1341	4075
445	1350	4089
446	1351	4082
447	1353	4074
448	1357	4076
449	1359	4070
450	1361	4063
451	1362	4055
452	1365	4050
453	1366	4042
454	1368	4035
455	1369	4028
456	1371	4021
457	1372	4013
458	1374	4007
459	1376	4000
460	1377	3993
461	1382	3993
462	1383	3987
463	1385	3980
464	1387	3973
465	1388	3966
466	1390	3959
467	1391	3952
468	1393	39454469	1394	39384470	1396	39314471	1397	39244472	1402	3924
473	1403	39174474	1429	3978
475	1431	3971
476	1434	3970
477	1436	3963
478	1438	3957
479	1439	3950
480	1441	3944
481	1443	3938
482	1447	3938
483	1449	3932
484	1451	3926
485	1453	3920
486	1454	3913
487	1456	3906
488	1457	3899
489	1459	3893
490	1461	3886
491	1464	3884
492	1466	3878
493	1467	3871
494	1469	3864
495	1471	3858
496	1472	3851
497	1476	3850
498	1477	3844
499	1479	3837
500	1480	3830
501	1495	3856
502	1498	3855
503	1504	3859
504	1508	3858
505	1510	3852
506	1545	3931
507	1549	3932
508	1551	3925
509	1552	3918
510	1554	3912
511	1556	3905
512	1557	3899
513	1559	3893
514	1598	3978
515	1600	3972
516	1607	3979
517	1645	4063
518	1647	4056
519	1649	4049
520	1650	4043
521	1653	4037
522	1654	4030
523	1656	4023
524	1657	4016
525	1679	4058
526	1681	4051
527	1682	4044
528	1685	4041
529	1688	4035
530	1689	4029
531	1691	4022
532	1693	4015
533	1697	4014
534	1699	4008
535	1700	4001
536	1702	3994
537	1704	3988
538	1730	4038
539	1736	4043
540	1738	4036
541	1740	4030
542	1742	4023
543	1745	4021
544	1752	4025
545	1755	4023
546	1760	4023
547	1767	40275548	1768	4021
549	1770	4014
550	1772	4008
551	1774	4001
552	1775	3994
553	1777	3987
554	1808	4048
555	1812	4045
556	1817	4045
557	1819	4039
558	1820	4032
559	1827	4035
560	1828	4029
561	1830	4022
562	1834	4020
563	1835	4013
564	1837	4006
565	1838	3999
566	1840	3992
567	1842	3985
568	1844	3981
569	1857	3997
570	1858	3991
571	1860	3984
572	1861	3977
573	1863	3970
574	1864	3963
575	1872	3969
576	1874	3963
577	1875	3956
578	1877	3949
579	1879	3943
580	1883	3942
581	1885	3935
582	1886	3928
583	1888	3922
584	1891	3919
585	1893	3912
586	1903	3923
587	1904	3916
588	1906	3909
589	1907	3903
590	1911	38995591	1913	38945592	1916	3890
593	1917	3884
594	1919	3878598	1834	3669
599	1836	3663
600	1844	3670
601	1856	3684
602	1857	3678
603	1859	3672
604	1861	3666
605	1862	3660
606	1865	3657
607	1867	3651
608	1868	3645
609	1870	3639
610	1873	3636
611	1874	3629
612	1876	3623
613	1877	3618
614	1879	3612
615	1880	3606
616	1884	3604
617	1886	3598
618	1888	3594
619	1890	3588
620	1891	3581
621	1893	3576
622	1895	3572
623	1897	3566
624	1899	3562
625	1901	3556
626	1904	3553
627	1906	3548
628	1907	3542
629	1914	3545
630	1915	3539
631	1917	3534
632	1919	3528
633	1922	3526
634	1923	3520
635	1929	3523
636	1931	3517
637	1935	3515
638	1936	3509
639	1938	3503
640	1939	3498
641	1944	3498
642	1946	3492
643	1947	3487
644	1949	3481
645	1951	3476
646	1958	3481
647	1960	3475
648	1961	3470
649	1963	3464
650	1965	3459
651	1970	3460
652	1972	3455
653	1973	3449
654	1975	3444
655	1977	3438
656	1978	3433
657	1982	3431
658	1984	3426
659	1985	3420
660	1987	3415
661	1988	3409
662	1991	3405
663	1993	3400
664	1995	3397
665	2006	3408
666	2008	3402
667	2010	3397
668	2011	3392
669	2013	3386
670	2014	3381
671	2019	3380
672	2020	3374
673	2022	3369
674	2023	3363
675	2025	3358
676	2027	3353
677	2030	3351
678	2032	3346
679	2037	3346
680	2039	3341
681	2040	3336
682	2043	3333
683	2075	3377
684	2076	3371
685	2078	3366
686	2080	3360
687	2081	3355
688	2083	3350
689	2124	3407
690	2126	3402
691	2128	3399
692	2130	3394
693	2132	3388
694	2136	3386
695	2137	3381
696	2162	3412
697	2163	3406
698	2165	3401
699	2167	3396
700	2171	3394
701	2172	3389
702	2179	3391
703	2181	3386
704	2182	3381
705	2184	3375
706	2186	3370
707	2188	3366
708	2196	3370
709	2197	3365
710	2202	3364
711	2204	3358
712	2205	3353
713	2260	3428
714	2264	3427
715	2266	3422
716	2268	3417
717	2271	3413
718	2338	3505
719	2339	3499
720	2355	3514
721	2356	3509
722	2358	3503
723	2360	3498
724	2361	3492
725	2397	3536
726	2401	3533
727	2402	3528
728	2405	3524
729	2407	3519
730	2409	3513
731	2425	3528
732	2429	3526
733	2431	3521
734	2435	3518
735	2436	3513
736	2449	3523
737	2451	3517
738	2466	3531
739	2468	3525
740	2470	3520
741	2471	3514
742	2475	3510
743	2476	3505
744	2478	3499
745	2482	3497
746	2484	3492
747	2485	3486
748	2487	3480
749	2497	3486
750	2498	3480
751	2500	3474
752	2502	3469
753	2503	3463
754	2505	3458
755	2506	3451
756	2508	3446
757	2510	3441
758	2512	3436
759	2514	3430
760	2521	3432
761	2523	3427
762	2524	3421
763	2526	3415
764	2528	3410
765	2529	3404
766	2531	3399
767	2538	3401
768	2540	3396
769	2543	3391
770	2548	3391
771	2550	3386
772	2563	3395
773	2565	3391
774	2567	3386
775	2569	3380
776	2571	3375
777	2572	3369
778	2583	3375
779	2584	3370
780	2586	3364
781	2588	3359
782	2589	3353
783	2591	3348
784	2607	3362
785	2610	3358
786	2612	3352
787	2614	3347
788	2615	3341
789	2628	3350
790	2630	3345
791	2632	3340
792	2635	3336
793	2636	3331
794	2638	3325
795	2649	3332
796	2652	3328
797	2654	3322
798	2655	3317
799	2657	3312
800	2668	3318
801	2670	3312
802	2674	3310
803	2680	3311
804	2687	3311
805	2689	3306
806	2690	3300
807	2692	3295
808	2693	3289
809	2700	3290
810	2703	3286
811	2705	3281
812	2706	3276
813	2708	3270
814	2710	3265
815	2723	3274
816	2725	3269
817	2727	3263
818	2728	3258
819	2730	3252
820	2731	3247
821	2733	3242
822	2739	3242
823	2741	3236
824	2742	3231
825	2744	3226
826	2746	3221
827	2747	3215
828	2749	3210
829	2751	3206
830	2753	3200
831	2755	3195
832	2756	3190
833	2758	3184
834	2760	3179
835	2770	3184
836	2772	3179
837	2774	3174
838	2775	3169
839	2778	3165
840	2779	3160
841	2783	3157
842	2785	3152
843	2787	3147
844	2789	3142
845	2790	3137
846	2792	3131
847	2797	3130
846	2968	3329
849	2803	3123
850	2804	3118
851	2806	3112
852	2808	3107
853	2809	3102
854	2811	3097
855	2816	3096
856	2818	3091
857	2819	3085
858	2822	3082
859	2824	3077
860	2826	3072
861	2838	3078
862	2840	3074
863	2841	3068
862	3010	3257
863	3011	3252
866	2863	3072
867	2865	3066
868	2867	3061
869	2873	3061
870	2875	3056
871	2876	3051
872	2878	3046
873	2879	3041
874	2881	3036
875	2884	3032
876	2886	3027
877	2888	3023
878	2890	3018
877	3061	3203
878	3062	3198
879	3071	3200
880	3073	3195
881	3074	3189
882	3076	3184
883	3097	3199
884	3099	3194
885	3103	3191
886	3105	3185
889	2951	3007
890	2953	3002
891	2954	2997
892	295890	3104	3157
891	3108	3153
892	311895	297893	311896	297894	311897	297895	311898	297896	311899	297897	311900	297898	312901	298899	312902	298900	3128	3111
901	3130	3106
902	3132	3100
903	3133	3095
904	3135	3090
905	3136	3084
906	3138	3079
907	3140	3074
908	3141	3069
909	3143	3064
910	3145	3059
911	3147	3053
912	3148	3048
913	3150	3043
914	3151	3038
915	3153	3032
916	315919	301917	3157	3023
918	315921	301919	316922	302920	316923	302921	3173	3011
922	3175	3006
923	3179	3004
924	3181	2999
925	3183	2994
926	3185	2989
927	3186	2984
928	3189	2979
929	3191	2975
930	3194	2971
931	3195	2966
932	3197	2961
933	3199	2956
934	3201	2951
935	3202	2946
936	3205	2941
937	3206	2936
938	3208	2931
939	3209	2926
940	3211	2921
941	3212	2916
942	3215	2911
943	3216	2906
944	3220	2903
945	3222	2898
946	3223	2893
947	3225	2888
948	3229	2885
949	3230	2880
950	3232	2875
951	3233	2870
952	3235	2865
953	3237	2860
954	3239	2855
955	3240	2850
956	3242	2845
957	3244	2841
958	3245	2836
959	3247	2831
960	3249	2826
961	3250	2821
962	3252	2816
963	3254	2811
964	3255	2806
965	3257	2802
966	3258	2797
967	3260	2792
968	3262	2788
969	3264	2783
970	3266	2778
971	3267	2773
972	3269	2768
973	3271	2763
974	3273	2759
975	3275	2755
976	3277	2750
977	3279	2746
978	3281	2741
979	3282	2736
980	3284	2731
981	3285	2727
982	3287	2722
983	3288	2717
984	3290	2712
985	3292	2708
986	3294986	3203	2628
987	3205	2624
988	3206	2619
989	3208	2615
990	3210	2611
991	3213	2607
992	3214	2603
993	3220	2601
994	3222	2597
995	3224	2593
996	3226	2589
997	3228	2584
998	3231	2581
999	3233	2577
1000	3235	2572
1001	3236	2567
1002	3238	2563
1003	3240	2559
1004	3241	2554
1005	3243	2550
1006	3244	2545
1007	3246	2541
1008	3248	2536
1009	3249	2532
1010	3252	2528
1011	3253	2524
1012	3255	2519
1013	3256	2514
1014	3258	2510
1015	3259	2505
1016	3261	2501
1017	3262	2496
1018	3264	2492
1019	3266	2488
1020	3267	2483
1021	3269	2479
1022	3271	2474
1023	3273	2470
1024	3276	2467
1025	3277	2463
1026	3279	2458
1027	3281	2454
1028	3287	2453
1029	3289	2449
1030	3290	2444
1031	3292	2440
1032	3293	2435
1033	3295	2431
1034	3297	2427
1035	3299	2423
1036	3300	2419
1037	3302	2414
1038	3303	2410
1039	3305	2405
1040	3306	2401
1041	3308	2397
1042	3310	2392
1043	3311	2388
1044	3313	2384
1045	3314	2379
1046	3316	2375
1047	3319	2372
1048	3321	2368
1049	3322	2363
1050	3324	2359
1051	3325	2355
1052	3328	2352
1053	3331	2348
1054	3334	2344
1055	3335	2340
1056	3337	2336
1057	3338	2332
1058	3340	2327
1059	3341	2323
101063	3294	2269
1064	3296	2265
1065	3299	2262
1066	3300	2258
1067	3302	2254
1068	3305	2251
1069	3307	2247
1070	3309	2243
1071	3311	2239
1072	3312	2235
1073	3314	2231
1074	3320	2229
1075	3322	2226
1076	3327	2224
1077	3330	2221
1078	3333	2217
1079	3334	2213
1080	3336	2210
1081	3338	2206
1082	3340	2202
1083	3343	2198
1084	3344	2194
1085	3346	2190
1086	3347	2186
1087	3349	218101088	3351	217101089	3353	217101090	3354	217101091	3356	216101092	3357	216101093	3367	2163
1094	3368	2159
1095	3370	2151093	3424	2200
1094	3425	2196
1095	3429	2193
1096	3431	2189
1097	3432	2185
1098	3434	2181
1099	3442	2181
1100	3444	2177
1101	3445	2173
1102	3447	2168
1103	3448	2164
1104	3450	2160
1105	3452	2157
1106	3455	2153
1107	3456	2149
1108	3458	2145
1109	3460	2141
1110	3462	2137
1111	3464	2133
1112	3465	2130
1113	3467	2125
1114	3469	2121
1115	3470	2117
1116	3472	2113
1117	3473	2109
1118	3475	2105
1119	3479	2103
1120	3480	2099
1121	3482	2095
1122	3484	2091
1123	3487	2087
1124	3489	2084
1125	3491	2080
1126	3493	2076
1127	3494	2072
1128	3496	2068
1129	3498	2064
1130	3499	2060
1131	3501	2056
1132	3502	2052
1133	3504	2048
1134	3505	2044
1135	3507	2040
1136	3508	2036
1137	3510	2032
1138	3511	2028
1139	3513	2024
1140	3514	2020
1141	3516	2016
1142	3517	2012
1143	3518	2008
1144	3522	2005
1145	3523	2001
1146	3525	1997
1147	3526	1993
1148	3528	1989
1149	3530	1986
1150	3532	1982
1151	3533	1978
1152	3535	1974
1153	3536	1970
1154	3539	1967
1155	3540	1963
1156	3542	1959
1157	3543	1955
1158	3545	1951
1159	3546	1947
1160	3549	1944
1161	3551	1940
1162	3553	1936
1163	3554	1933
1164	3557	1929
1165	3558	1925
1166	3560	1922
1167	3561	1918
1168	3563	1914
1169	3564	1910
1170	3566	1906
1171	3567	1902
1172	3569	1898
1173	3572	1895
1174	3573	1891
1175	3575	1888
1176	3577	1884
1177	3578	1880
1178	3579	1876
1179	3581	1872
1180	3583	1868
1181	3584	1865
1182	3586	1861
1183	3588	1857
1184	3589	1853
1185	3591	1850
1186	3592	1846
1187	3594	1842
1188	3595	1838
1189	3597	1834
1190	3598	1831
1191	3600	1827
1192	3601	1823
1193	3603	1819
1194	3604	1815
1195	3606	1812
1196	3607	1808
1197	3609	1804
1198	3610	1800
1199	3611	1796
1200	3613	1793
1201	3614	1789
1202	3616	1785
1203	3617	1781
1204	3619	1777
1205	3620	1774
1206	3621	1770
1207	3623	1766
1208	3624	1762
1209	3625	1759
1210	3627	1755
1211	3629	1751
1212	3631	1748
1213	3632	1744
1214	3634	1740
1215	3635	1736
1216	3636	1733
1217	3638	1729
1218	3639	1725
1219	3641	1722
1220	3642	1718
1221	3643	1714
1222	3645	1711
1223	3646	1707
1224	3648	1703
1225	3649	1699
1226	3650	1696
1227	3652	1692
1228	3653	1688
1229	3655	1684
1230	3656	1681
1231	3658	1677
1232	3659	1673
121236	3608	1631234	3661	1666
121238	3611	162121239	3612	162121240	3614	161121241	3616	161121242	3617	161121243	3618	160121244	3620	160121245	3621	160121246	3623	159121247	3624	159121248	3625	159121249	3627	158121250	3628	158121251	3630	158121252	3631	157121253	3633	157121254	3634	156121255	3635	156121256	3637	1561254	3690	1594
1255	3692	1590
1256	3693	1586
1257	3695	1583
1258	3696	1579
1259	3697	1576
1260	3699	1572
121264	3649	1531262	3702	1565
121266	3652	152121267	3653	152121268	3655	1521266	3708	1551
1267	3709	1547
121271	3659	151121272	3660	150121273	3661	150121274	3663	149121275	3664	149121276	3666	149121277	3667	148121278	3669	148121279	3670	148121280	3672	147121281	3673	147121282	3674	147121283	3676	1468
1284	3677	1465
1285	3678	1461
1286	3680	145121287	3681	1454
1288	3683	1451
1289	3684	1448
1290	3686	1444
1291	3687	1441
1292	3688	1437
1293	3690	1434
1294	3691	1431
1295	3693	1427
1296	3694	1424
1297	3695	1420
1298	3696	1417
1299	3698	1413
1300	3699	1410
1301	3700	1407
1302	3702	1403
1303	3703	1400
1304	3705	1396
1305	3706	1393
1306	3708	1390
1307	3709	1386
1308	3711	1383
1309	3712	1380
1310	3713	1376
1311	3715	1373
1312	3716	1369
1313	3717	1366
1314	3719	1363
1315	3721	1360
1316	3722	1356
1317	3724	1353
1318	3725	1350
1319	3727	1346
1320	3728	1343
1321	3729	1340
1322	3731	1336
1323	3732	1333
1324	3734	1330
1325	3735	1327
1326	3737	1323
1327	3738	1320
1328	3740	1317
1329	3741	1313
1330	3742	1310
1331	3744	1307
1332	3745	1303
1333	3746	1300
1334	3748	1297
1335	3749	1293
1336	3750	1290
1337	3752	1287
1338	3753	1283
1339	3754	1280
1340	3756	1277
1341	3757	1273
1342	3758	1270
1343	3760	1267
1344	3761	1264
1345	3763	1260
1346	3764	1257
1347	3766	1254
1348	3768	1251
1349	3769	1248
1350	3770	1244
1351	3771	1241
1352	3773	1238
1353	3774	1235
1354	3776	1231
1355	3777	1228
1356	3779	1225
1357	3780	1222
1358	3782	1219
1359	3783	1215
1360	3785	1212
1361	3787	1209
1362	3788	1206
1363	3790	1203
1364	3791	1200
1365	3793	1196
1366	3794	1193
1367	3795	1190
1368	3797	1187
1369	3798	1183
1370	3800	1180
1371	3802	1177
1372	3803	1174
1373	3804	1171
1374	3806	1168
1375	3807	1164
1376	3808	1161
1377	3810	1158
1378	3811	1155
1379	3813	1152
1380	3814	1149
1381	3816	1145
1382	3817	1142
1383	3819	1139
1384	3820	1136
1385	3821	1133
1386	3823	1130
1387	3824	1127
1388	3826	1123
1389	3827	1120
1390	3829	1117
1391	3830	1114
1392	3832	1111
1393	3833	1108
1394	3834	1105
1395	3836	1101
1396	3837	1098
1397	3839	1095
1398	3840	1092
1399	3842	1089
1400	3843	1086
1401	3845	1083
1402	3846	1080
1403	3848	1077
1404	3849	1074
1405	3850	1070
1406	3852	1067
1407	3854	1064
1408	3855	1061
1409	3857	1058
1410	3858	1055
1411	3860	1052
1412	3861	1049
1413	3862	1046
1414	3864	1043
1415	3865	1040
1416	3866	1037
1417	3868	1033
1418	3870	1030
1419	3871	1027
1420	3872	1024
1421	3874	1021
1422	3875	1018
1423	3877	1015
1424	3878	1012
1425	3880	1009
1426	3881	1006
1427	3882	1003
1428	3884	1000
1429	3885	997
1430	3887	994
1431	3888	991
1432	3889	988
1433	3891	985
1434	3892	981
1435	3893	978
1436	3895	975
1437	3896	972
1438	3898	969
1439	3899	966
1440	3901	963
1441	3903	960
1442	3905	958
1443	3906	954
1444	3907	951
1445	3909	948
1446	3910	945
1447	3912	942
1448	3913	939
1449	3915	936
1450	3916	933
1451	3917	930
1452	3919	927
1453	3920	924
1454	3922	921
1455	3923	918
1456	3925	915
1457	3926	912
1458	3927	909
1459	3929	906
1460	3930	903
1461	3931	900
1462	3933	897
1463	3934	894
1464	3936	891
1465	3937	889
1466	3938	886
1467	3940	883
1468	3941	880
1469	3943	877
1470	3944	874
1471	3945	871
1472	3947	868
1473	3948	865
1474	3949	862
1475	3951	859
1476	3952	856
1477	3954	853
1478	3955	850
1479	3957	847
1480	3958	844
1481	3959	841
1482	3961	838
1483	3963	835
1484	3964	832
1485	3965	829
1486	3967	827
1487	3968	824
1488	3969	821
1489	3970	818
1490	3972	815
1491	3973	812
1492	3974	809
1493	3976	806
1494	3977	803
1495	3979	800
1496	3980	797
1497	3982	794
1498	3983	791
1499	3984	788
1500	3986	786
1501	3987	783
1502	3988	780
1503	3990	777
1504	3991	774
1505	3993	771
1506	3994	768
1507	3995	765
1508	3996	762
1509	3998	759
1510	3999	757
1511	4001	754
1512	4002	751
1513	4004	748
1514	4005	745
1515	4007	742
1516	4008	739
1517	4010	737
1518	4011	734
1519	4013	731
1520	4014	728
1521	4015	725
1522	4017	722
1523	4018	719
1524	4019	717
1525	4021	714
1526	4022	711
1527	4024	708
1528	4025	705
1529	4026	702
1530	4028	699
1531	4029	697
1532	4031	694
1533	4032	691
1534	4033	688
1535	4035	685
1536	4036	682
1537	4038	680
1538	4039	677
1539	4040	674
1540	4042	671
1541	4043	668
1542	4045	665
1543	4046	663
1544	4047	660
1545	4049	657
1546	4050	654
1547	4052	651
1548	4053	648
1549	4055	646
1550	4056	643
1551	4057	640
1552	4059	637
1553	4061	635
1554	4062	632
1555	4064	629
1556	4065	626
1557	4066	623
1558	4067	621
1559	4069	618
1560	4070	615
1561	4071	612
1562	4073	609
1563	4074	607
1564	4076	604
1565	4077	601
1566	4079	598
1567	4080	595
1568	4081	593
1569	4083	590
1570	4084	587
1571	4085	584
1572	4087	582
1573	4088	579
1574	4089	576
1575	4091	573
1576	4092	570
1577	4094	568
1578	4095	565
1579	4097	562
1580	4099	560
1581	4100	557
1582	4101	554
1583	4103	551
1584	4105	549
1585	4106	546
1586	4108	543
1587	4109	540
1588	4111	538
1589	4113	535
1590	4114	532
1591	4116	530
1592	4118	527
1593	4119	524
1594	4121	521
1595	4122	519
1596	4124	516
1597	4125	513
1598	4126	511
1599	4128	508
1600	4129	505
1601	4131	502
1602	4132	500
1603	4134	497
1604	4135	494
1605	4136	491
1606	4138	489
1607	4140	486
1608	4141	483
1609	4142	481
1610	4144	478
1611	4145	475
1612	4147	473
1613	4148	470
1614	4150	467
1615	4151	464
1616	4152	462
1617	4154	459
1618	4155	456
1619	4157	454
1620	4158	451
1621	4160	448
1622	4161	446
1623	4163	443
1624	4164	440
1625	4166	438
1626	4168	435
1627	4169	432
1628	4171	430
1629	4173	427
1630	4174	424
1631	4176	422
1632	4177	419
1633	4179	416
1634	4180	414
1635	4181	411
1636	4183	408
1637	4184	406
1638	4186	403
1639	4187	400
1640	4189	398
1641	4190	395
1642	4192	392
1643	4193	390
1644	4195	387
1645	4196	384
1646	4197	382
1647	4199	379
1648	4200	377
1649	4202	374
1650	4203	371
1651	4204	369
1652	4206	366
1653	4207	363
1654	4208	361
1655	4210	358
1656	4211	355
1657	4213	353
1658	4214	350
1659	4215	347
1660	4217	345
1661	4218	342
1662	4220	340
1663	4221	337
1664	4223	334
1665	4224	332
1666	4226	329
1667	4227	326
1668	4229	324
1669	4230	321
1670	4231	319
1671	4233	316
1672	4234	313
1673	4235	311
1674	4236	308
1675	4238	305
1676	4239	303
1677	4241	300
1678	4242	298
1679	4243	295
1680	4245	292
1681	4246	290
1682	4247	287
1683	4249	285
1684	4250	282
1685	4252	279
1686	4253	277
1687	4255	274
1688	4256	272
1689	4258	269
1690	4259	267
1691	4261	264
1692	4262	261
1693	4264	259
1694	4265	256
1695	4267	254
1696	4268	251
1697	4270	249
1698	4272	246
1699	4273	243
1700	4275	241
1701	4276	238
1702	4277	236
1703	4279	233
1704	4280	230
1705	4282	228
1706	4283	225
1707	4284	223
1708	4286	220
1709	4287	218
1710	4289	215
1711	4290	213
1712	4292	210
1713	4293	207
1714	4295	205
1715	4296	202
1716	4298	200
1717	4299	197
1718	4300	195
1719	4302	192
1720	4303	190
1721	4304	187
1722	4306	184
1723	4307	182
1724	4309	179
1725	4311	177
1726	4312	174
1727	4313	172
1728	4315	169
1729	4316	167
1730	4317	164
1731	4319	162
1732	4320	159
1733	4322	157
1734	4323	154
1735	4325	151
1736	4326	149
1737	4328	146
1738	4329	144
1739	4330	141
1740	4332	139
1741	4333	136
1742	4334	134
1743	4336	131
1744	4337	129
1745	4339	126
1746	4340	124
1747	4341	121
1748	4343	119
1749	4344	116
1750	4346	114
1751	4347	111
1752	4349	109
1753	4350	106
1754	4352	104
1755	4353	101
1756	4355	99
1757	4356	96
1758	4358	94
1759	4359	91
1760	4361	89
1761	4362	86
1762	4364	84
1763	4365	81
1764	4367	79
1765	4368	76
1766	4370	74
1767	4371	71
1768	4373	69
1769	4374	66
1770	4376	64
1771	4377	61
1772	4379	59
1773	4380	56
1774	4381	54
1775	4383	51
1776	4384	49
1777	4386	46
1778	4387	44
1779	4389	41
1780	4390	39
1781	4391	36
1782	4393	34
1783	4395	32
1784	4396	29
1785	4397	27
1786	4398	24
1787	4400	22
1788	4402	19
1789	4403	17
1790	4404	14
1791	4405	12
1792	4407	9
1793	4408	7
1794	4409	4
1795	4410	2
1796	4412	0
1793	4540	7
1794	4542	5
1795	4543	2
1796	4544	0
40	0
